eventId,sessionId,playbackSecond,playbackOffsetMs,sourceElapsedSecond,timestampOffsetMs,sourceSubjectVisit,sourceSequence,synthetic,demoOnly,class1Softmax,movingAverage10,class,alertLevel,alertAction,alertRequired,notificationEvent,triggerReason,scenarioPhase
1_1_010_V1-000,demo-1_1_010_V1,0.0,0,0,0,1_1_010_V1,1,True,True,0.999551,,0,none,none,False,False,window_warming_up,window_warming_up
1_1_010_V1-001,demo-1_1_010_V1,0.083,83,10,10000,1_1_010_V1,1,True,True,0.797834,,0,none,none,False,False,window_warming_up,window_warming_up
1_1_010_V1-002,demo-1_1_010_V1,0.167,167,20,20000,1_1_010_V1,2,True,True,0.596117,,0,none,none,False,False,window_warming_up,window_warming_up
1_1_010_V1-003,demo-1_1_010_V1,0.25,250,30,30000,1_1_010_V1,2,True,True,0.3944,,0,none,none,False,False,window_warming_up,window_warming_up
1_1_010_V1-004,demo-1_1_010_V1,0.333,333,40,40000,1_1_010_V1,2,True,True,0.296943,,0,none,none,False,False,window_warming_up,window_warming_up
1_1_010_V1-005,demo-1_1_010_V1,0.417,417,50,50000,1_1_010_V1,3,True,True,0.226429,,0,none,none,False,False,window_warming_up,window_warming_up
1_1_010_V1-006,demo-1_1_010_V1,0.5,500,60,60000,1_1_010_V1,3,True,True,0.155916,,0,none,none,False,False,window_warming_up,window_warming_up
1_1_010_V1-007,demo-1_1_010_V1,0.583,583,70,70000,1_1_010_V1,3,True,True,0.111176,,0,none,none,False,False,window_warming_up,window_warming_up
1_1_010_V1-008,demo-1_1_010_V1,0.667,667,80,80000,1_1_010_V1,3,True,True,0.084399,,0,none,none,False,False,window_warming_up,window_warming_up
1_1_010_V1-009,demo-1_1_010_V1,0.75,750,90,90000,1_1_010_V1,4,True,True,0.057622,,0,none,none,False,False,window_warming_up,window_warming_up
1_1_010_V1-010,demo-1_1_010_V1,0.833,833,100,100000,1_1_010_V1,4,True,True,0.079486,,0,none,none,False,False,window_warming_up,window_warming_up
1_1_010_V1-011,demo-1_1_010_V1,0.917,917,110,110000,1_1_010_V1,4,True,True,0.179404,,0,none,none,False,False,window_warming_up,window_warming_up
1_1_010_V1-012,demo-1_1_010_V1,1.0,1000,120,120000,1_1_010_V1,5,True,True,0.279321,,0,none,none,False,False,window_warming_up,window_warming_up
1_1_010_V1-013,demo-1_1_010_V1,1.083,1083,130,130000,1_1_010_V1,5,True,True,0.358845,,0,none,none,False,False,window_warming_up,window_warming_up
1_1_010_V1-014,demo-1_1_010_V1,1.167,1167,140,140000,1_1_010_V1,5,True,True,0.344559,,0,none,none,False,False,window_warming_up,window_warming_up
1_1_010_V1-015,demo-1_1_010_V1,1.25,1250,150,150000,1_1_010_V1,6,True,True,0.330273,,0,none,none,False,False,window_warming_up,window_warming_up
1_1_010_V1-016,demo-1_1_010_V1,1.333,1333,160,160000,1_1_010_V1,6,True,True,0.315988,,0,none,none,False,False,window_warming_up,window_warming_up
1_1_010_V1-017,demo-1_1_010_V1,1.417,1417,170,170000,1_1_010_V1,6,True,True,0.31228,,0,none,none,False,False,window_warming_up,window_warming_up
1_1_010_V1-018,demo-1_1_010_V1,1.5,1500,180,180000,1_1_010_V1,7,True,True,0.308863,,0,none,none,False,False,window_warming_up,window_warming_up
1_1_010_V1-019,demo-1_1_010_V1,1.583,1583,190,190000,1_1_010_V1,7,True,True,0.305446,,0,none,none,False,False,window_warming_up,window_warming_up
1_1_010_V1-020,demo-1_1_010_V1,1.667,1667,200,200000,1_1_010_V1,7,True,True,0.406101,,0,none,none,False,False,window_warming_up,window_warming_up
1_1_010_V1-021,demo-1_1_010_V1,1.75,1750,210,210000,1_1_010_V1,8,True,True,0.53822,,0,none,none,False,False,window_warming_up,window_warming_up
1_1_010_V1-022,demo-1_1_010_V1,1.833,1833,220,220000,1_1_010_V1,8,True,True,0.670338,,0,none,none,False,False,window_warming_up,window_warming_up
1_1_010_V1-023,demo-1_1_010_V1,1.917,1917,230,230000,1_1_010_V1,8,True,True,0.739588,,0,none,none,False,False,window_warming_up,window_warming_up
1_1_010_V1-024,demo-1_1_010_V1,2.0,2000,240,240000,1_1_010_V1,8,True,True,0.75994,,0,none,none,False,False,window_warming_up,window_warming_up
1_1_010_V1-025,demo-1_1_010_V1,2.083,2083,250,250000,1_1_010_V1,9,True,True,0.780292,,0,none,none,False,False,window_warming_up,window_warming_up
1_1_010_V1-026,demo-1_1_010_V1,2.167,2167,260,260000,1_1_010_V1,9,True,True,0.728084,,0,none,none,False,False,window_warming_up,window_warming_up
1_1_010_V1-027,demo-1_1_010_V1,2.25,2250,270,270000,1_1_010_V1,9,True,True,0.545268,,0,none,none,False,False,window_warming_up,window_warming_up
1_1_010_V1-028,demo-1_1_010_V1,2.333,2333,280,280000,1_1_010_V1,10,True,True,0.362453,,0,none,none,False,False,window_warming_up,window_warming_up
1_1_010_V1-029,demo-1_1_010_V1,2.417,2417,290,290000,1_1_010_V1,10,True,True,0.210987,0.419725,0,none,none,False,False,demo_ma10_below_threshold,baseline_monitoring
1_1_010_V1-030,demo-1_1_010_V1,2.5,2500,300,300000,1_1_010_V1,10,True,True,0.234711,0.397384,0,none,none,False,False,demo_ma10_below_threshold,baseline_monitoring
1_1_010_V1-031,demo-1_1_010_V1,2.583,2583,310,310000,1_1_010_V1,11,True,True,0.258434,0.375042,0,none,none,False,False,demo_ma10_below_threshold,baseline_monitoring
1_1_010_V1-032,demo-1_1_010_V1,2.667,2667,320,320000,1_1_010_V1,11,True,True,0.282158,0.352701,0,none,none,False,False,demo_ma10_below_threshold,baseline_monitoring
1_1_010_V1-033,demo-1_1_010_V1,2.75,2750,330,330000,1_1_010_V1,11,True,True,0.342444,0.355352,0,none,none,False,False,demo_ma10_below_threshold,baseline_monitoring
1_1_010_V1-034,demo-1_1_010_V1,2.833,2833,340,340000,1_1_010_V1,12,True,True,0.4048,0.359418,0,none,none,False,False,demo_ma10_below_threshold,baseline_monitoring
1_1_010_V1-035,demo-1_1_010_V1,2.917,2917,350,350000,1_1_010_V1,12,True,True,0.467155,0.363484,0,none,none,False,False,demo_ma10_below_threshold,baseline_monitoring
1_1_010_V1-036,demo-1_1_010_V1,3.0,3000,360,360000,1_1_010_V1,12,True,True,0.528918,0.377337,0,none,none,False,False,demo_ma10_below_threshold,baseline_monitoring
1_1_010_V1-037,demo-1_1_010_V1,3.083,3083,370,370000,1_1_010_V1,13,True,True,0.590474,0.39461,0,none,none,False,False,demo_ma10_below_threshold,baseline_monitoring
1_1_010_V1-038,demo-1_1_010_V1,3.167,3167,380,380000,1_1_010_V1,13,True,True,0.65203,0.411882,0,none,none,False,False,demo_ma10_below_threshold,baseline_monitoring
1_1_010_V1-039,demo-1_1_010_V1,3.25,3250,390,390000,1_1_010_V1,13,True,True,0.696367,0.432165,0,none,none,False,False,demo_ma10_below_threshold,baseline_monitoring
1_1_010_V1-040,demo-1_1_010_V1,3.333,3333,400,400000,1_1_010_V1,13,True,True,0.725783,0.455058,0,none,none,False,False,demo_ma10_below_threshold,baseline_monitoring
1_1_010_V1-041,demo-1_1_010_V1,3.417,3417,410,410000,1_1_010_V1,14,True,True,0.755198,0.47795,0,none,none,False,False,demo_ma10_below_threshold,baseline_monitoring
1_1_010_V1-042,demo-1_1_010_V1,3.5,3500,420,420000,1_1_010_V1,14,True,True,0.75296,0.495347,0,none,none,False,False,demo_ma10_below_threshold,baseline_monitoring
1_1_010_V1-043,demo-1_1_010_V1,3.583,3583,430,430000,1_1_010_V1,14,True,True,0.686559,0.501607,1,none,none,False,False,demo_ma10_below_threshold,baseline_monitoring
1_1_010_V1-044,demo-1_1_010_V1,3.667,3667,440,440000,1_1_010_V1,15,True,True,0.620157,0.507867,1,none,none,False,False,demo_ma10_below_threshold,baseline_monitoring
1_1_010_V1-045,demo-1_1_010_V1,3.75,3750,450,450000,1_1_010_V1,15,True,True,0.559319,0.514032,1,none,none,False,False,demo_ma10_below_threshold,baseline_monitoring
1_1_010_V1-046,demo-1_1_010_V1,3.833,3833,460,460000,1_1_010_V1,15,True,True,0.537422,0.519531,1,none,none,False,False,demo_ma10_below_threshold,baseline_monitoring
1_1_010_V1-047,demo-1_1_010_V1,3.917,3917,470,470000,1_1_010_V1,16,True,True,0.515525,0.52503,1,none,none,False,False,demo_ma10_below_threshold,baseline_monitoring
1_1_010_V1-048,demo-1_1_010_V1,4.0,4000,480,480000,1_1_010_V1,16,True,True,0.493629,0.53053,1,none,none,False,False,demo_ma10_below_threshold,baseline_monitoring
1_1_010_V1-049,demo-1_1_010_V1,4.083,4083,490,490000,1_1_010_V1,16,True,True,0.437509,0.530907,1,none,none,False,False,demo_ma10_below_threshold,baseline_monitoring
1_1_010_V1-050,demo-1_1_010_V1,4.167,4167,500,500000,1_1_010_V1,17,True,True,0.378398,0.530836,1,none,none,False,False,demo_ma10_below_threshold,baseline_monitoring
1_1_010_V1-051,demo-1_1_010_V1,4.25,4250,510,510000,1_1_010_V1,17,True,True,0.319288,0.530766,1,none,none,False,False,demo_ma10_below_threshold,baseline_monitoring
1_1_010_V1-052,demo-1_1_010_V1,4.333,4333,520,520000,1_1_010_V1,17,True,True,0.420007,0.53302,1,none,none,False,False,demo_ma10_below_threshold,baseline_monitoring
1_1_010_V1-053,demo-1_1_010_V1,4.417,4417,530,530000,1_1_010_V1,18,True,True,0.584659,0.536203,1,none,none,False,False,demo_ma10_below_threshold,baseline_monitoring
1_1_010_V1-054,demo-1_1_010_V1,4.5,4500,540,540000,1_1_010_V1,18,True,True,0.74931,0.539386,1,none,none,False,False,demo_ma10_below_threshold,baseline_monitoring
1_1_010_V1-055,demo-1_1_010_V1,4.583,4583,550,550000,1_1_010_V1,18,True,True,0.781251,0.536641,1,none,none,False,False,demo_ma10_below_threshold,baseline_monitoring
1_1_010_V1-056,demo-1_1_010_V1,4.667,4667,560,560000,1_1_010_V1,18,True,True,0.685137,0.528178,1,none,none,False,False,demo_ma10_below_threshold,baseline_monitoring
1_1_010_V1-057,demo-1_1_010_V1,4.75,4750,570,570000,1_1_010_V1,19,True,True,0.589023,0.519714,1,none,none,False,False,demo_ma10_below_threshold,baseline_monitoring
1_1_010_V1-058,demo-1_1_010_V1,4.833,4833,580,580000,1_1_010_V1,19,True,True,0.522776,0.516869,1,none,none,False,False,demo_ma10_below_threshold,baseline_monitoring
1_1_010_V1-059,demo-1_1_010_V1,4.917,4917,590,590000,1_1_010_V1,19,True,True,0.525044,0.526914,1,none,none,False,False,demo_ma10_below_threshold,baseline_monitoring
1_1_010_V1-060,demo-1_1_010_V1,5.0,5000,600,600000,1_1_010_V1,20,True,True,0.527312,0.536959,1,none,none,False,False,demo_ma10_below_threshold,baseline_monitoring
1_1_010_V1-061,demo-1_1_010_V1,5.083,5083,610,610000,1_1_010_V1,20,True,True,0.533659,0.547201,1,none,none,False,False,demo_ma10_below_threshold,baseline_monitoring
1_1_010_V1-062,demo-1_1_010_V1,5.167,5167,620,620000,1_1_010_V1,20,True,True,0.577457,0.559253,1,recommend,recommend_intervention,False,True,demo_ma10_recommend_threshold,repeated_change_accumulating
1_1_010_V1-063,demo-1_1_010_V1,5.25,5250,630,630000,1_1_010_V1,21,True,True,0.621256,0.571305,1,recommend,recommend_intervention,False,False,demo_ma10_recommend_threshold,repeated_change_accumulating
1_1_010_V1-064,demo-1_1_010_V1,5.333,5333,640,640000,1_1_010_V1,21,True,True,0.665054,0.583357,1,recommend,recommend_intervention,False,False,demo_ma10_recommend_threshold,repeated_change_accumulating
1_1_010_V1-065,demo-1_1_010_V1,5.417,5417,650,650000,1_1_010_V1,21,True,True,0.684612,0.591329,1,recommend,recommend_intervention,False,False,demo_ma10_recommend_threshold,repeated_change_accumulating
1_1_010_V1-066,demo-1_1_010_V1,5.5,5500,660,660000,1_1_010_V1,22,True,True,0.701262,0.59881,1,recommend,recommend_intervention,False,False,demo_ma10_recommend_threshold,repeated_change_accumulating
1_1_010_V1-067,demo-1_1_010_V1,5.583,5583,670,670000,1_1_010_V1,22,True,True,0.717911,0.606292,1,recommend,recommend_intervention,False,False,demo_ma10_recommend_threshold,repeated_change_accumulating
1_1_010_V1-068,demo-1_1_010_V1,5.667,5667,680,680000,1_1_010_V1,22,True,True,0.693579,0.606588,1,recommend,recommend_intervention,False,False,demo_ma10_recommend_threshold,repeated_change_accumulating
1_1_010_V1-069,demo-1_1_010_V1,5.75,5750,690,690000,1_1_010_V1,23,True,True,0.65062,0.603618,1,recommend,recommend_intervention,False,False,demo_ma10_recommend_threshold,repeated_change_accumulating
1_1_010_V1-070,demo-1_1_010_V1,5.833,5833,700,700000,1_1_010_V1,23,True,True,0.607661,0.600648,1,recommend,recommend_intervention,False,False,demo_ma10_recommend_threshold,repeated_change_accumulating
1_1_010_V1-071,demo-1_1_010_V1,5.917,5917,710,710000,1_1_010_V1,23,True,True,0.631598,0.600879,1,recommend,recommend_intervention,False,False,demo_ma10_recommend_threshold,repeated_change_accumulating
1_1_010_V1-072,demo-1_1_010_V1,6.0,6000,720,720000,1_1_010_V1,23,True,True,0.727387,0.604546,1,recommend,recommend_intervention,False,False,demo_ma10_recommend_threshold,repeated_change_accumulating
1_1_010_V1-073,demo-1_1_010_V1,6.083,6083,730,730000,1_1_010_V1,24,True,True,0.823176,0.608214,1,recommend,recommend_intervention,False,False,demo_ma10_recommend_threshold,repeated_change_accumulating
1_1_010_V1-074,demo-1_1_010_V1,6.167,6167,740,740000,1_1_010_V1,24,True,True,0.874518,0.611926,1,recommend,recommend_intervention,False,False,demo_ma10_recommend_threshold,repeated_change_accumulating
1_1_010_V1-075,demo-1_1_010_V1,6.25,6250,750,750000,1_1_010_V1,24,True,True,0.809725,0.615754,1,recommend,recommend_intervention,False,False,demo_ma10_recommend_threshold,repeated_change_accumulating
1_1_010_V1-076,demo-1_1_010_V1,6.333,6333,760,760000,1_1_010_V1,25,True,True,0.744931,0.619582,1,recommend,recommend_intervention,False,False,demo_ma10_recommend_threshold,repeated_change_accumulating
1_1_010_V1-077,demo-1_1_010_V1,6.417,6417,770,770000,1_1_010_V1,25,True,True,0.669847,0.622075,1,recommend,recommend_intervention,False,False,demo_ma10_recommend_threshold,repeated_change_accumulating
1_1_010_V1-078,demo-1_1_010_V1,6.5,6500,780,780000,1_1_010_V1,25,True,True,0.460975,0.607206,1,recommend,recommend_intervention,False,False,demo_ma10_recommend_threshold,repeated_change_accumulating
1_1_010_V1-079,demo-1_1_010_V1,6.583,6583,790,790000,1_1_010_V1,26,True,True,0.252104,0.592337,1,recommend,recommend_intervention,False,False,demo_ma10_recommend_threshold,repeated_change_accumulating
1_1_010_V1-080,demo-1_1_010_V1,6.667,6667,800,800000,1_1_010_V1,26,True,True,0.043233,0.577468,1,recommend,recommend_intervention,False,False,demo_ma10_recommend_threshold,repeated_change_accumulating
1_1_010_V1-081,demo-1_1_010_V1,6.75,6750,810,810000,1_1_010_V1,26,True,True,0.032497,0.569442,1,recommend,recommend_intervention,False,False,demo_ma10_recommend_threshold,repeated_change_accumulating
1_1_010_V1-082,demo-1_1_010_V1,6.833,6833,820,820000,1_1_010_V1,27,True,True,0.052402,0.562474,1,recommend,recommend_intervention,False,False,demo_ma10_recommend_threshold,repeated_change_accumulating
1_1_010_V1-083,demo-1_1_010_V1,6.917,6917,830,830000,1_1_010_V1,27,True,True,0.072306,0.555506,1,recommend,recommend_intervention,False,False,demo_ma10_recommend_threshold,repeated_change_accumulating
1_1_010_V1-084,demo-1_1_010_V1,7.0,7000,840,840000,1_1_010_V1,27,True,True,0.08095,0.537849,1,none,none,False,False,demo_ma10_below_threshold,baseline_monitoring
1_1_010_V1-085,demo-1_1_010_V1,7.083,7083,850,850000,1_1_010_V1,28,True,True,0.083813,0.514702,1,none,none,False,False,demo_ma10_below_threshold,baseline_monitoring
1_1_010_V1-086,demo-1_1_010_V1,7.167,7167,860,860000,1_1_010_V1,28,True,True,0.086675,0.491556,0,none,none,False,False,demo_ma10_below_threshold,baseline_monitoring
1_1_010_V1-087,demo-1_1_010_V1,7.25,7250,870,870000,1_1_010_V1,28,True,True,0.101228,0.474085,0,none,none,False,False,demo_ma10_below_threshold,baseline_monitoring
1_1_010_V1-088,demo-1_1_010_V1,7.333,7333,880,880000,1_1_010_V1,28,True,True,0.129764,0.463403,0,none,none,False,False,demo_ma10_below_threshold,baseline_monitoring
1_1_010_V1-089,demo-1_1_010_V1,7.417,7417,890,890000,1_1_010_V1,29,True,True,0.158301,0.452722,0,none,none,False,False,demo_ma10_below_threshold,baseline_monitoring
1_1_010_V1-090,demo-1_1_010_V1,7.5,7500,900,900000,1_1_010_V1,29,True,True,0.173396,0.441353,0,none,none,False,False,demo_ma10_below_threshold,baseline_monitoring
1_1_010_V1-091,demo-1_1_010_V1,7.583,7583,910,910000,1_1_010_V1,29,True,True,0.148166,0.427921,0,none,none,False,False,demo_ma10_below_threshold,baseline_monitoring
1_1_010_V1-092,demo-1_1_010_V1,7.667,7667,920,920000,1_1_010_V1,30,True,True,0.122936,0.41449,0,none,none,False,False,demo_ma10_below_threshold,baseline_monitoring
1_1_010_V1-093,demo-1_1_010_V1,7.75,7750,930,930000,1_1_010_V1,30,True,True,0.098442,0.400824,0,none,none,False,False,demo_ma10_below_threshold,baseline_monitoring
1_1_010_V1-094,demo-1_1_010_V1,7.833,7833,940,940000,1_1_010_V1,30,True,True,0.08971,0.382139,0,none,none,False,False,demo_ma10_below_threshold,baseline_monitoring
1_1_010_V1-095,demo-1_1_010_V1,7.917,7917,950,950000,1_1_010_V1,31,True,True,0.080978,0.363455,0,none,none,False,False,demo_ma10_below_threshold,baseline_monitoring
1_1_010_V1-096,demo-1_1_010_V1,8.0,8000,960,960000,1_1_010_V1,31,True,True,0.072245,0.34477,0,none,none,False,False,demo_ma10_below_threshold,baseline_monitoring
1_1_010_V1-097,demo-1_1_010_V1,8.083,8083,970,970000,1_1_010_V1,31,True,True,0.185729,0.336177,0,none,none,False,False,demo_ma10_below_threshold,baseline_monitoring
1_1_010_V1-098,demo-1_1_010_V1,8.167,8167,980,980000,1_1_010_V1,32,True,True,0.322615,0.329516,0,none,none,False,False,demo_ma10_below_threshold,baseline_monitoring
1_1_010_V1-099,demo-1_1_010_V1,8.25,8250,990,990000,1_1_010_V1,32,True,True,0.459502,0.322856,0,none,none,False,False,demo_ma10_below_threshold,baseline_monitoring
1_1_010_V1-100,demo-1_1_010_V1,8.333,8333,1000,1000000,1_1_010_V1,32,True,True,0.505115,0.318468,0,none,none,False,False,demo_ma10_below_threshold,baseline_monitoring
1_1_010_V1-101,demo-1_1_010_V1,8.417,8417,1010,1010000,1_1_010_V1,33,True,True,0.498021,0.315394,0,none,none,False,False,demo_ma10_below_threshold,baseline_monitoring
1_1_010_V1-102,demo-1_1_010_V1,8.5,8500,1020,1020000,1_1_010_V1,33,True,True,0.490928,0.31232,0,none,none,False,False,demo_ma10_below_threshold,baseline_monitoring
1_1_010_V1-103,demo-1_1_010_V1,8.583,8583,1030,1030000,1_1_010_V1,33,True,True,0.457619,0.302215,0,none,none,False,False,demo_ma10_below_threshold,baseline_monitoring
1_1_010_V1-104,demo-1_1_010_V1,8.667,8667,1040,1040000,1_1_010_V1,33,True,True,0.389359,0.282736,0,none,none,False,False,demo_ma10_below_threshold,baseline_monitoring
1_1_010_V1-105,demo-1_1_010_V1,8.75,8750,1050,1050000,1_1_010_V1,34,True,True,0.321098,0.263257,0,none,none,False,False,demo_ma10_below_threshold,baseline_monitoring
1_1_010_V1-106,demo-1_1_010_V1,8.833,8833,1060,1060000,1_1_010_V1,34,True,True,0.252254,0.243642,0,none,none,False,False,demo_ma10_below_threshold,baseline_monitoring
1_1_010_V1-107,demo-1_1_010_V1,8.917,8917,1070,1070000,1_1_010_V1,34,True,True,0.181378,0.223554,0,none,none,False,False,demo_ma10_below_threshold,baseline_monitoring
1_1_010_V1-108,demo-1_1_010_V1,9.0,9000,1080,1080000,1_1_010_V1,35,True,True,0.110503,0.203467,0,none,none,False,False,demo_ma10_below_threshold,baseline_monitoring
1_1_010_V1-109,demo-1_1_010_V1,9.083,9083,1090,1090000,1_1_010_V1,35,True,True,0.041133,0.183776,0,none,none,False,False,demo_ma10_below_threshold,baseline_monitoring
1_1_010_V1-110,demo-1_1_010_V1,9.167,9167,1100,1100000,1_1_010_V1,35,True,True,0.054553,0.185918,0,none,none,False,False,demo_ma10_below_threshold,baseline_monitoring
1_1_010_V1-111,demo-1_1_010_V1,9.25,9250,1110,1110000,1_1_010_V1,36,True,True,0.067974,0.18806,0,none,none,False,False,demo_ma10_below_threshold,baseline_monitoring
1_1_010_V1-112,demo-1_1_010_V1,9.333,9333,1120,1120000,1_1_010_V1,36,True,True,0.081395,0.190202,0,none,none,False,False,demo_ma10_below_threshold,baseline_monitoring
1_1_010_V1-113,demo-1_1_010_V1,9.417,9417,1130,1130000,1_1_010_V1,36,True,True,0.066887,0.189024,0,none,none,False,False,demo_ma10_below_threshold,baseline_monitoring
1_1_010_V1-114,demo-1_1_010_V1,9.5,9500,1140,1140000,1_1_010_V1,37,True,True,0.045934,0.18708,0,none,none,False,False,demo_ma10_below_threshold,baseline_monitoring
1_1_010_V1-115,demo-1_1_010_V1,9.583,9583,1150,1150000,1_1_010_V1,37,True,True,0.024981,0.185136,0,none,none,False,False,demo_ma10_below_threshold,baseline_monitoring
1_1_010_V1-116,demo-1_1_010_V1,9.667,9667,1160,1160000,1_1_010_V1,37,True,True,0.023478,0.183691,0,none,none,False,False,demo_ma10_below_threshold,baseline_monitoring
1_1_010_V1-117,demo-1_1_010_V1,9.75,9750,1170,1170000,1_1_010_V1,38,True,True,0.034558,0.182569,0,none,none,False,False,demo_ma10_below_threshold,baseline_monitoring
1_1_010_V1-118,demo-1_1_010_V1,9.833,9833,1180,1180000,1_1_010_V1,38,True,True,0.045639,0.181447,0,none,none,False,False,demo_ma10_below_threshold,baseline_monitoring
1_1_010_V1-119,demo-1_1_010_V1,9.917,9917,1190,1190000,1_1_010_V1,38,True,True,0.065004,0.180452,0,none,none,False,False,demo_ma10_below_threshold,baseline_monitoring
1_1_010_V1-120,demo-1_1_010_V1,10.0,10000,1200,1200000,1_1_010_V1,38,True,True,0.096701,0.179646,0,none,none,False,False,demo_ma10_below_threshold,baseline_monitoring
1_1_010_V1-121,demo-1_1_010_V1,10.083,10083,1210,1210000,1_1_010_V1,39,True,True,0.128399,0.17884,0,none,none,False,False,demo_ma10_below_threshold,baseline_monitoring
1_1_010_V1-122,demo-1_1_010_V1,10.167,10167,1220,1220000,1_1_010_V1,39,True,True,0.154035,0.178546,0,none,none,False,False,demo_ma10_below_threshold,baseline_monitoring
1_1_010_V1-123,demo-1_1_010_V1,10.25,10250,1230,1230000,1_1_010_V1,39,True,True,0.154876,0.180348,0,none,none,False,False,demo_ma10_below_threshold,baseline_monitoring
1_1_010_V1-124,demo-1_1_010_V1,10.333,10333,1240,1240000,1_1_010_V1,40,True,True,0.155717,0.182149,0,none,none,False,False,demo_ma10_below_threshold,baseline_monitoring
1_1_010_V1-125,demo-1_1_010_V1,10.417,10417,1250,1250000,1_1_010_V1,40,True,True,0.156558,0.18395,0,none,none,False,False,demo_ma10_below_threshold,baseline_monitoring
1_1_010_V1-126,demo-1_1_010_V1,10.5,10500,1260,1260000,1_1_010_V1,40,True,True,0.135213,0.184481,0,none,none,False,False,demo_ma10_below_threshold,baseline_monitoring
1_1_010_V1-127,demo-1_1_010_V1,10.583,10583,1270,1270000,1_1_010_V1,41,True,True,0.113669,0.185001,0,none,none,False,False,demo_ma10_below_threshold,baseline_monitoring
1_1_010_V1-128,demo-1_1_010_V1,10.667,10667,1280,1280000,1_1_010_V1,41,True,True,0.092124,0.185521,0,none,none,False,False,demo_ma10_below_threshold,baseline_monitoring
1_1_010_V1-129,demo-1_1_010_V1,10.75,10750,1290,1290000,1_1_010_V1,41,True,True,0.123067,0.178842,0,none,none,False,False,demo_ma10_below_threshold,baseline_monitoring
1_1_010_V1-130,demo-1_1_010_V1,10.833,10833,1300,1300000,1_1_010_V1,42,True,True,0.168324,0.170199,0,none,none,False,False,demo_ma10_below_threshold,baseline_monitoring
1_1_010_V1-131,demo-1_1_010_V1,10.917,10917,1310,1310000,1_1_010_V1,42,True,True,0.213582,0.161556,0,none,none,False,False,demo_ma10_below_threshold,baseline_monitoring
1_1_010_V1-132,demo-1_1_010_V1,11.0,11000,1320,1320000,1_1_010_V1,42,True,True,0.19579,0.149646,0,none,none,False,False,demo_ma10_below_threshold,baseline_monitoring
1_1_010_V1-133,demo-1_1_010_V1,11.083,11083,1330,1330000,1_1_010_V1,42,True,True,0.132409,0.135374,0,none,none,False,False,demo_ma10_below_threshold,baseline_monitoring
1_1_010_V1-134,demo-1_1_010_V1,11.167,11167,1340,1340000,1_1_010_V1,43,True,True,0.069028,0.121103,0,none,none,False,False,demo_ma10_below_threshold,baseline_monitoring
1_1_010_V1-135,demo-1_1_010_V1,11.25,11250,1350,1350000,1_1_010_V1,43,True,True,0.045472,0.110996,0,none,none,False,False,demo_ma10_below_threshold,baseline_monitoring
1_1_010_V1-136,demo-1_1_010_V1,11.333,11333,1360,1360000,1_1_010_V1,43,True,True,0.088292,0.107833,0,none,none,False,False,demo_ma10_below_threshold,baseline_monitoring
1_1_010_V1-137,demo-1_1_010_V1,11.417,11417,1370,1370000,1_1_010_V1,44,True,True,0.131111,0.104669,0,none,none,False,False,demo_ma10_below_threshold,baseline_monitoring
1_1_010_V1-138,demo-1_1_010_V1,11.5,11500,1380,1380000,1_1_010_V1,44,True,True,0.158589,0.1019,0,none,none,False,False,demo_ma10_below_threshold,baseline_monitoring
1_1_010_V1-139,demo-1_1_010_V1,11.583,11583,1390,1390000,1_1_010_V1,44,True,True,0.110968,0.101062,0,none,none,False,False,demo_ma10_below_threshold,baseline_monitoring
1_1_010_V1-140,demo-1_1_010_V1,11.667,11667,1400,1400000,1_1_010_V1,45,True,True,0.063347,0.100224,0,none,none,False,False,demo_ma10_below_threshold,baseline_monitoring
1_1_010_V1-141,demo-1_1_010_V1,11.75,11750,1410,1410000,1_1_010_V1,45,True,True,0.015727,0.099385,0,none,none,False,False,demo_ma10_below_threshold,baseline_monitoring
1_1_010_V1-142,demo-1_1_010_V1,11.833,11833,1420,1420000,1_1_010_V1,45,True,True,0.012899,0.09714,0,none,none,False,False,demo_ma10_below_threshold,baseline_monitoring
1_1_010_V1-143,demo-1_1_010_V1,11.917,11917,1430,1430000,1_1_010_V1,46,True,True,0.01173,0.094843,0,none,none,False,False,demo_ma10_below_threshold,baseline_monitoring
1_1_010_V1-144,demo-1_1_010_V1,12.0,12000,1440,1440000,1_1_010_V1,46,True,True,0.010561,0.092546,0,none,none,False,False,demo_ma10_below_threshold,baseline_monitoring
1_1_010_V1-145,demo-1_1_010_V1,12.083,12083,1450,1450000,1_1_010_V1,46,True,True,0.018765,0.092688,0,none,none,False,False,demo_ma10_below_threshold,baseline_monitoring
1_1_010_V1-146,demo-1_1_010_V1,12.167,12167,1460,1460000,1_1_010_V1,47,True,True,0.029946,0.093604,0,none,none,False,False,demo_ma10_below_threshold,baseline_monitoring
1_1_010_V1-147,demo-1_1_010_V1,12.25,12250,1470,1470000,1_1_010_V1,47,True,True,0.041127,0.09452,0,none,none,False,False,demo_ma10_below_threshold,baseline_monitoring
1_1_010_V1-148,demo-1_1_010_V1,12.333,12333,1480,1480000,1_1_010_V1,47,True,True,0.038883,0.094099,0,none,none,False,False,demo_ma10_below_threshold,baseline_monitoring
1_1_010_V1-149,demo-1_1_010_V1,12.417,12417,1490,1490000,1_1_010_V1,47,True,True,0.02581,0.0926,0,none,none,False,False,demo_ma10_below_threshold,baseline_monitoring
1_1_010_V1-150,demo-1_1_010_V1,12.5,12500,1500,1500000,1_1_010_V1,48,True,True,0.012738,0.091101,0,none,none,False,False,demo_ma10_below_threshold,baseline_monitoring
1_1_010_V1-151,demo-1_1_010_V1,12.583,12583,1510,1510000,1_1_010_V1,48,True,True,0.005158,0.088592,0,none,none,False,False,demo_ma10_below_threshold,baseline_monitoring
1_1_010_V1-152,demo-1_1_010_V1,12.667,12667,1520,1520000,1_1_010_V1,48,True,True,0.007857,0.084193,0,none,none,False,False,demo_ma10_below_threshold,baseline_monitoring
1_1_010_V1-153,demo-1_1_010_V1,12.75,12750,1530,1530000,1_1_010_V1,49,True,True,0.010556,0.079795,0,none,none,False,False,demo_ma10_below_threshold,baseline_monitoring
1_1_010_V1-154,demo-1_1_010_V1,12.833,12833,1540,1540000,1_1_010_V1,49,True,True,0.014809,0.075578,0,none,none,False,False,demo_ma10_below_threshold,baseline_monitoring
1_1_010_V1-155,demo-1_1_010_V1,12.917,12917,1550,1550000,1_1_010_V1,49,True,True,0.028384,0.072452,0,none,none,False,False,demo_ma10_below_threshold,baseline_monitoring
1_1_010_V1-156,demo-1_1_010_V1,13.0,13000,1560,1560000,1_1_010_V1,50,True,True,0.041958,0.069326,0,none,none,False,False,demo_ma10_below_threshold,baseline_monitoring
1_1_010_V1-157,demo-1_1_010_V1,13.083,13083,1570,1570000,1_1_010_V1,50,True,True,0.055533,0.066201,0,none,none,False,False,demo_ma10_below_threshold,baseline_monitoring
1_1_010_V1-158,demo-1_1_010_V1,13.167,13167,1580,1580000,1_1_010_V1,50,True,True,0.089611,0.068418,0,none,none,False,False,demo_ma10_below_threshold,baseline_monitoring
1_1_010_V1-159,demo-1_1_010_V1,13.25,13250,1590,1590000,1_1_010_V1,51,True,True,0.125057,0.070992,0,none,none,False,False,demo_ma10_below_threshold,baseline_monitoring
1_1_010_V1-160,demo-1_1_010_V1,13.333,13333,1600,1600000,1_1_010_V1,51,True,True,0.160503,0.073565,0,none,none,False,False,demo_ma10_below_threshold,baseline_monitoring
1_1_010_V1-161,demo-1_1_010_V1,13.417,13417,1610,1610000,1_1_010_V1,51,True,True,0.197453,0.075571,0,none,none,False,False,demo_ma10_below_threshold,baseline_monitoring
1_1_010_V1-162,demo-1_1_010_V1,13.5,13500,1620,1620000,1_1_010_V1,52,True,True,0.234954,0.077369,0,none,none,False,False,demo_ma10_below_threshold,baseline_monitoring
1_1_010_V1-163,demo-1_1_010_V1,13.583,13583,1630,1630000,1_1_010_V1,52,True,True,0.272455,0.079167,0,none,none,False,False,demo_ma10_below_threshold,baseline_monitoring
1_1_010_V1-164,demo-1_1_010_V1,13.667,13667,1640,1640000,1_1_010_V1,52,True,True,0.25159,0.080442,0,none,none,False,False,demo_ma10_below_threshold,baseline_monitoring
1_1_010_V1-165,demo-1_1_010_V1,13.75,13750,1650,1650000,1_1_010_V1,52,True,True,0.178296,0.081249,0,none,none,False,False,demo_ma10_below_threshold,baseline_monitoring
1_1_010_V1-166,demo-1_1_010_V1,13.833,13833,1660,1660000,1_1_010_V1,53,True,True,0.105001,0.082055,0,none,none,False,False,demo_ma10_below_threshold,baseline_monitoring
1_1_010_V1-167,demo-1_1_010_V1,13.917,13917,1670,1670000,1_1_010_V1,53,True,True,0.145712,0.09053,0,none,none,False,False,demo_ma10_below_threshold,baseline_monitoring
1_1_010_V1-168,demo-1_1_010_V1,14.0,14000,1680,1680000,1_1_010_V1,53,True,True,0.427103,0.115194,0,none,none,False,False,demo_ma10_below_threshold,baseline_monitoring
1_1_010_V1-169,demo-1_1_010_V1,14.083,14083,1690,1690000,1_1_010_V1,54,True,True,0.708494,0.139857,0,none,none,False,False,demo_ma10_below_threshold,baseline_monitoring
1_1_010_V1-170,demo-1_1_010_V1,14.167,14167,1700,1700000,1_1_010_V1,54,True,True,0.937468,0.163098,0,none,none,False,False,demo_ma10_below_threshold,baseline_monitoring
1_1_010_V1-171,demo-1_1_010_V1,14.25,14250,1710,1710000,1_1_010_V1,54,True,True,0.767262,0.175503,0,none,none,False,False,demo_ma10_below_threshold,baseline_monitoring
1_1_010_V1-172,demo-1_1_010_V1,14.333,14333,1720,1720000,1_1_010_V1,55,True,True,0.597057,0.187908,0,none,none,False,False,demo_ma10_below_threshold,baseline_monitoring
1_1_010_V1-173,demo-1_1_010_V1,14.417,14417,1730,1730000,1_1_010_V1,55,True,True,0.426851,0.200313,0,none,none,False,False,demo_ma10_below_threshold,baseline_monitoring
1_1_010_V1-174,demo-1_1_010_V1,14.5,14500,1740,1740000,1_1_010_V1,55,True,True,0.572754,0.228935,0,none,none,False,False,demo_ma10_below_threshold,baseline_monitoring
1_1_010_V1-175,demo-1_1_010_V1,14.583,14583,1750,1750000,1_1_010_V1,56,True,True,0.749648,0.259146,0,none,none,False,False,demo_ma10_below_threshold,baseline_monitoring
1_1_010_V1-176,demo-1_1_010_V1,14.667,14667,1760,1760000,1_1_010_V1,56,True,True,0.926541,0.289358,0,none,none,False,False,demo_ma10_below_threshold,baseline_monitoring
1_1_010_V1-177,demo-1_1_010_V1,14.75,14750,1770,1770000,1_1_010_V1,56,True,True,0.883054,0.309219,0,none,none,False,False,demo_ma10_below_threshold,baseline_monitoring
1_1_010_V1-178,demo-1_1_010_V1,14.833,14833,1780,1780000,1_1_010_V1,57,True,True,0.747508,0.324758,0,none,none,False,False,demo_ma10_below_threshold,baseline_monitoring
1_1_010_V1-179,demo-1_1_010_V1,14.917,14917,1790,1790000,1_1_010_V1,57,True,True,0.611962,0.340297,0,none,none,False,False,demo_ma10_below_threshold,baseline_monitoring
1_1_010_V1-180,demo-1_1_010_V1,15.0,15000,1800,1800000,1_1_010_V1,57,True,True,0.51744,0.353814,0,none,none,False,False,demo_ma10_below_threshold,baseline_monitoring
1_1_010_V1-181,demo-1_1_010_V1,15.083,15083,1810,1810000,1_1_010_V1,57,True,True,0.463942,0.36531,0,none,none,False,False,demo_ma10_below_threshold,baseline_monitoring
1_1_010_V1-182,demo-1_1_010_V1,15.167,15167,1820,1820000,1_1_010_V1,58,True,True,0.410443,0.376806,0,none,none,False,False,demo_ma10_below_threshold,baseline_monitoring
1_1_010_V1-183,demo-1_1_010_V1,15.25,15250,1830,1830000,1_1_010_V1,58,True,True,0.386213,0.389573,0,none,none,False,False,demo_ma10_below_threshold,baseline_monitoring
1_1_010_V1-184,demo-1_1_010_V1,15.333,15333,1840,1840000,1_1_010_V1,58,True,True,0.432047,0.405383,0,none,none,False,False,demo_ma10_below_threshold,baseline_monitoring
1_1_010_V1-185,demo-1_1_010_V1,15.417,15417,1850,1850000,1_1_010_V1,59,True,True,0.477882,0.421192,0,none,none,False,False,demo_ma10_below_threshold,baseline_monitoring
1_1_010_V1-186,demo-1_1_010_V1,15.5,15500,1860,1860000,1_1_010_V1,59,True,True,0.523059,0.437224,0,none,none,False,False,demo_ma10_below_threshold,baseline_monitoring
1_1_010_V1-187,demo-1_1_010_V1,15.583,15583,1870,1870000,1_1_010_V1,59,True,True,0.561526,0.455523,0,none,none,False,False,demo_ma10_below_threshold,baseline_monitoring
1_1_010_V1-188,demo-1_1_010_V1,15.667,15667,1880,1880000,1_1_010_V1,60,True,True,0.599993,0.473822,0,none,none,False,False,demo_ma10_below_threshold,baseline_monitoring
1_1_010_V1-189,demo-1_1_010_V1,15.75,15750,1890,1890000,1_1_010_V1,60,True,True,0.63846,0.492121,0,none,none,False,False,demo_ma10_below_threshold,baseline_monitoring
1_1_010_V1-190,demo-1_1_010_V1,15.833,15833,1900,1900000,1_1_010_V1,60,True,True,0.688206,0.511815,1,none,none,False,False,demo_ma10_below_threshold,baseline_monitoring
1_1_010_V1-191,demo-1_1_010_V1,15.917,15917,1910,1910000,1_1_010_V1,61,True,True,0.739433,0.531692,1,none,none,False,False,demo_ma10_below_threshold,baseline_monitoring
1_1_010_V1-192,demo-1_1_010_V1,16.0,16000,1920,1920000,1_1_010_V1,61,True,True,0.79066,0.551569,1,recommend,recommend_intervention,False,False,demo_ma10_recommend_threshold,repeated_change_accumulating
1_1_010_V1-193,demo-1_1_010_V1,16.083,16083,1930,1930000,1_1_010_V1,61,True,True,0.808276,0.569016,1,recommend,recommend_intervention,False,False,demo_ma10_recommend_threshold,repeated_change_accumulating
1_1_010_V1-194,demo-1_1_010_V1,16.167,16167,1940,1940000,1_1_010_V1,62,True,True,0.809971,0.585312,1,recommend,recommend_intervention,False,False,demo_ma10_recommend_threshold,repeated_change_accumulating
1_1_010_V1-195,demo-1_1_010_V1,16.25,16250,1950,1950000,1_1_010_V1,62,True,True,0.811666,0.601609,1,recommend,recommend_intervention,False,False,demo_ma10_recommend_threshold,repeated_change_accumulating
1_1_010_V1-196,demo-1_1_010_V1,16.333,16333,1960,1960000,1_1_010_V1,62,True,True,0.831433,0.623261,1,recommend,recommend_intervention,False,False,demo_ma10_recommend_threshold,repeated_change_accumulating
1_1_010_V1-197,demo-1_1_010_V1,16.417,16417,1970,1970000,1_1_010_V1,62,True,True,0.871316,0.650875,1,recommend,recommend_intervention,False,False,demo_ma10_recommend_threshold,repeated_change_accumulating
1_1_010_V1-198,demo-1_1_010_V1,16.5,16500,1980,1980000,1_1_010_V1,63,True,True,0.9112,0.67849,1,recommend,recommend_intervention,False,False,demo_ma10_recommend_threshold,repeated_change_accumulating
1_1_010_V1-199,demo-1_1_010_V1,16.583,16583,1990,1990000,1_1_010_V1,63,True,True,0.896626,0.694189,1,recommend,recommend_intervention,False,False,demo_ma10_recommend_threshold,repeated_change_accumulating
1_1_010_V1-200,demo-1_1_010_V1,16.667,16667,2000,2000000,1_1_010_V1,63,True,True,0.733198,0.677321,1,recommend,recommend_intervention,False,False,demo_ma10_recommend_threshold,repeated_change_accumulating
1_1_010_V1-201,demo-1_1_010_V1,16.75,16750,2010,2010000,1_1_010_V1,64,True,True,0.56977,0.660454,1,recommend,recommend_intervention,False,False,demo_ma10_recommend_threshold,repeated_change_accumulating
1_1_010_V1-202,demo-1_1_010_V1,16.833,16833,2020,2020000,1_1_010_V1,64,True,True,0.41993,0.644987,1,recommend,recommend_intervention,False,False,demo_ma10_recommend_threshold,repeated_change_accumulating
1_1_010_V1-203,demo-1_1_010_V1,16.917,16917,2030,2030000,1_1_010_V1,64,True,True,0.473892,0.650537,1,recommend,recommend_intervention,False,False,demo_ma10_recommend_threshold,repeated_change_accumulating
1_1_010_V1-204,demo-1_1_010_V1,17.0,17000,2040,2040000,1_1_010_V1,65,True,True,0.527854,0.656086,1,recommend,recommend_intervention,False,False,demo_ma10_recommend_threshold,repeated_change_accumulating
1_1_010_V1-205,demo-1_1_010_V1,17.083,17083,2050,2050000,1_1_010_V1,65,True,True,0.581816,0.661635,1,recommend,recommend_intervention,False,False,demo_ma10_recommend_threshold,repeated_change_accumulating
1_1_010_V1-206,demo-1_1_010_V1,17.167,17167,2060,2060000,1_1_010_V1,65,True,True,0.547418,0.647811,1,recommend,recommend_intervention,False,False,demo_ma10_recommend_threshold,repeated_change_accumulating
1_1_010_V1-207,demo-1_1_010_V1,17.25,17250,2070,2070000,1_1_010_V1,66,True,True,0.498294,0.630758,1,recommend,recommend_intervention,False,False,demo_ma10_recommend_threshold,repeated_change_accumulating
1_1_010_V1-208,demo-1_1_010_V1,17.333,17333,2080,2080000,1_1_010_V1,66,True,True,0.449169,0.613706,1,recommend,recommend_intervention,False,False,demo_ma10_recommend_threshold,repeated_change_accumulating
1_1_010_V1-209,demo-1_1_010_V1,17.417,17417,2090,2090000,1_1_010_V1,66,True,True,0.460493,0.608331,1,recommend,recommend_intervention,False,False,demo_ma10_recommend_threshold,repeated_change_accumulating
1_1_010_V1-210,demo-1_1_010_V1,17.5,17500,2100,2100000,1_1_010_V1,67,True,True,0.50411,0.609194,1,recommend,recommend_intervention,False,False,demo_ma10_recommend_threshold,repeated_change_accumulating
1_1_010_V1-211,demo-1_1_010_V1,17.583,17583,2110,2110000,1_1_010_V1,67,True,True,0.547728,0.610058,1,recommend,recommend_intervention,False,False,demo_ma10_recommend_threshold,repeated_change_accumulating
1_1_010_V1-212,demo-1_1_010_V1,17.667,17667,2120,2120000,1_1_010_V1,67,True,True,0.614545,0.617577,1,recommend,recommend_intervention,False,False,demo_ma10_recommend_threshold,repeated_change_accumulating
1_1_010_V1-213,demo-1_1_010_V1,17.75,17750,2130,2130000,1_1_010_V1,67,True,True,0.710127,0.633349,1,recommend,recommend_intervention,False,False,demo_ma10_recommend_threshold,repeated_change_accumulating
1_1_010_V1-214,demo-1_1_010_V1,17.833,17833,2140,2140000,1_1_010_V1,68,True,True,0.80571,0.649121,1,recommend,recommend_intervention,False,False,demo_ma10_recommend_threshold,repeated_change_accumulating
1_1_010_V1-215,demo-1_1_010_V1,17.917,17917,2150,2150000,1_1_010_V1,68,True,True,0.869219,0.662884,1,recommend,recommend_intervention,False,False,demo_ma10_recommend_threshold,repeated_change_accumulating
1_1_010_V1-216,demo-1_1_010_V1,18.0,18000,2160,2160000,1_1_010_V1,68,True,True,0.831756,0.670327,1,recommend,recommend_intervention,False,False,demo_ma10_recommend_threshold,repeated_change_accumulating
1_1_010_V1-217,demo-1_1_010_V1,18.083,18083,2170,2170000,1_1_010_V1,69,True,True,0.794293,0.677769,1,recommend,recommend_intervention,False,False,demo_ma10_recommend_threshold,repeated_change_accumulating
1_1_010_V1-218,demo-1_1_010_V1,18.167,18167,2180,2180000,1_1_010_V1,69,True,True,0.757478,0.685004,1,recommend,recommend_intervention,False,False,demo_ma10_recommend_threshold,repeated_change_accumulating
1_1_010_V1-219,demo-1_1_010_V1,18.25,18250,2190,2190000,1_1_010_V1,69,True,True,0.738167,0.686668,1,recommend,recommend_intervention,False,False,demo_ma10_recommend_threshold,repeated_change_accumulating
1_1_010_V1-220,demo-1_1_010_V1,18.333,18333,2200,2200000,1_1_010_V1,70,True,True,0.718856,0.688333,1,recommend,recommend_intervention,False,False,demo_ma10_recommend_threshold,repeated_change_accumulating
1_1_010_V1-221,demo-1_1_010_V1,18.417,18417,2210,2210000,1_1_010_V1,70,True,True,0.699545,0.689997,1,recommend,recommend_intervention,False,False,demo_ma10_recommend_threshold,repeated_change_accumulating
1_1_010_V1-222,demo-1_1_010_V1,18.5,18500,2220,2220000,1_1_010_V1,70,True,True,0.679122,0.685693,1,recommend,recommend_intervention,False,False,demo_ma10_recommend_threshold,repeated_change_accumulating
1_1_010_V1-223,demo-1_1_010_V1,18.583,18583,2230,2230000,1_1_010_V1,71,True,True,0.658472,0.680169,1,recommend,recommend_intervention,False,False,demo_ma10_recommend_threshold,repeated_change_accumulating
1_1_010_V1-224,demo-1_1_010_V1,18.667,18667,2240,2240000,1_1_010_V1,71,True,True,0.637823,0.674646,1,recommend,recommend_intervention,False,False,demo_ma10_recommend_threshold,repeated_change_accumulating
1_1_010_V1-225,demo-1_1_010_V1,18.75,18750,2250,2250000,1_1_010_V1,71,True,True,0.651431,0.671152,1,recommend,recommend_intervention,False,False,demo_ma10_recommend_threshold,repeated_change_accumulating
1_1_010_V1-226,demo-1_1_010_V1,18.833,18833,2260,2260000,1_1_010_V1,72,True,True,0.685593,0.668875,1,recommend,recommend_intervention,False,False,demo_ma10_recommend_threshold,repeated_change_accumulating
1_1_010_V1-227,demo-1_1_010_V1,18.917,18917,2270,2270000,1_1_010_V1,72,True,True,0.719756,0.666598,1,recommend,recommend_intervention,False,False,demo_ma10_recommend_threshold,repeated_change_accumulating
1_1_010_V1-228,demo-1_1_010_V1,19.0,19000,2280,2280000,1_1_010_V1,72,True,True,0.747776,0.663467,1,recommend,recommend_intervention,False,False,demo_ma10_recommend_threshold,repeated_change_accumulating
1_1_010_V1-229,demo-1_1_010_V1,19.083,19083,2290,2290000,1_1_010_V1,72,True,True,0.767303,0.659155,1,recommend,recommend_intervention,False,False,demo_ma10_recommend_threshold,repeated_change_accumulating
1_1_010_V1-230,demo-1_1_010_V1,19.167,19167,2300,2300000,1_1_010_V1,73,True,True,0.78683,0.654842,1,recommend,recommend_intervention,False,False,demo_ma10_recommend_threshold,repeated_change_accumulating
1_1_010_V1-231,demo-1_1_010_V1,19.25,19250,2310,2310000,1_1_010_V1,73,True,True,0.788765,0.652691,1,recommend,recommend_intervention,False,False,demo_ma10_recommend_threshold,repeated_change_accumulating
1_1_010_V1-232,demo-1_1_010_V1,19.333,19333,2320,2320000,1_1_010_V1,73,True,True,0.726197,0.658465,1,recommend,recommend_intervention,False,False,demo_ma10_recommend_threshold,repeated_change_accumulating
1_1_010_V1-233,demo-1_1_010_V1,19.417,19417,2330,2330000,1_1_010_V1,74,True,True,0.663628,0.664238,1,recommend,recommend_intervention,False,False,demo_ma10_recommend_threshold,repeated_change_accumulating
1_1_010_V1-234,demo-1_1_010_V1,19.5,19500,2340,2340000,1_1_010_V1,74,True,True,0.601313,0.669933,1,recommend,recommend_intervention,False,False,demo_ma10_recommend_threshold,repeated_change_accumulating
1_1_010_V1-235,demo-1_1_010_V1,19.583,19583,2350,2350000,1_1_010_V1,74,True,True,0.567136,0.666893,1,recommend,recommend_intervention,False,False,demo_ma10_recommend_threshold,repeated_change_accumulating
1_1_010_V1-236,demo-1_1_010_V1,19.667,19667,2360,2360000,1_1_010_V1,75,True,True,0.532959,0.663852,1,recommend,recommend_intervention,False,False,demo_ma10_recommend_threshold,repeated_change_accumulating
1_1_010_V1-237,demo-1_1_010_V1,19.75,19750,2370,2370000,1_1_010_V1,75,True,True,0.498781,0.660812,1,recommend,recommend_intervention,False,False,demo_ma10_recommend_threshold,repeated_change_accumulating
1_1_010_V1-238,demo-1_1_010_V1,19.833,19833,2380,2380000,1_1_010_V1,75,True,True,0.54304,0.666816,1,recommend,recommend_intervention,False,False,demo_ma10_recommend_threshold,repeated_change_accumulating
1_1_010_V1-239,demo-1_1_010_V1,19.917,19917,2390,2390000,1_1_010_V1,76,True,True,0.606473,0.675031,1,recommend,recommend_intervention,False,False,demo_ma10_recommend_threshold,repeated_change_accumulating
1_1_010_V1-240,demo-1_1_010_V1,20.0,20000,2400,2400000,1_1_010_V1,76,True,True,0.669905,0.683246,1,recommend,recommend_intervention,False,False,demo_ma10_recommend_threshold,repeated_change_accumulating
1_1_010_V1-241,demo-1_1_010_V1,20.083,20083,2410,2410000,1_1_010_V1,76,True,True,0.70231,0.689544,1,recommend,recommend_intervention,False,False,demo_ma10_recommend_threshold,repeated_change_accumulating
1_1_010_V1-242,demo-1_1_010_V1,20.167,20167,2420,2420000,1_1_010_V1,76,True,True,0.713877,0.694554,1,recommend,recommend_intervention,False,False,demo_ma10_recommend_threshold,repeated_change_accumulating
1_1_010_V1-243,demo-1_1_010_V1,20.25,20250,2430,2430000,1_1_010_V1,77,True,True,0.725443,0.699565,1,recommend,recommend_intervention,False,False,demo_ma10_recommend_threshold,repeated_change_accumulating
1_1_010_V1-244,demo-1_1_010_V1,20.333,20333,2440,2440000,1_1_010_V1,77,True,True,0.760256,0.703599,1,recommend,recommend_intervention,False,False,demo_ma10_recommend_threshold,repeated_change_accumulating
1_1_010_V1-245,demo-1_1_010_V1,20.417,20417,2450,2450000,1_1_010_V1,77,True,True,0.830995,0.706124,1,recommend,recommend_intervention,False,False,demo_ma10_recommend_threshold,repeated_change_accumulating
1_1_010_V1-246,demo-1_1_010_V1,20.5,20500,2460,2460000,1_1_010_V1,78,True,True,0.901734,0.70865,1,recommend,recommend_intervention,False,False,demo_ma10_recommend_threshold,repeated_change_accumulating
1_1_010_V1-247,demo-1_1_010_V1,20.583,20583,2470,2470000,1_1_010_V1,78,True,True,0.949573,0.710915,1,recommend,recommend_intervention,False,False,demo_ma10_recommend_threshold,repeated_change_accumulating
1_1_010_V1-248,demo-1_1_010_V1,20.667,20667,2480,2480000,1_1_010_V1,78,True,True,0.89818,0.712047,1,recommend,recommend_intervention,False,False,demo_ma10_recommend_threshold,repeated_change_accumulating
1_1_010_V1-249,demo-1_1_010_V1,20.75,20750,2490,2490000,1_1_010_V1,79,True,True,0.846787,0.71318,1,recommend,recommend_intervention,False,False,demo_ma10_recommend_threshold,repeated_change_accumulating
1_1_010_V1-250,demo-1_1_010_V1,20.833,20833,2500,2500000,1_1_010_V1,79,True,True,0.795395,0.714313,1,recommend,recommend_intervention,False,False,demo_ma10_recommend_threshold,repeated_change_accumulating
1_1_010_V1-251,demo-1_1_010_V1,20.917,20917,2510,2510000,1_1_010_V1,79,True,True,0.85476,0.723371,1,required,required_intervention,True,True,demo_ma10_required_threshold,state_check_condition_pending
1_1_010_V1-252,demo-1_1_010_V1,21.0,21000,2520,2520000,1_1_010_V1,80,True,True,0.916139,0.732572,1,required,required_intervention,True,False,demo_ma10_required_threshold,state_check_condition_pending
1_1_010_V1-253,demo-1_1_010_V1,21.083,21083,2530,2530000,1_1_010_V1,80,True,True,0.977518,0.741774,1,required,required_intervention,True,False,demo_ma10_required_threshold,state_check_condition_pending
1_1_010_V1-254,demo-1_1_010_V1,21.167,21167,2540,2540000,1_1_010_V1,80,True,True,0.908264,0.744285,1,required,required_intervention,True,False,demo_ma10_required_threshold,state_check_condition_pending
1_1_010_V1-255,demo-1_1_010_V1,21.25,21250,2550,2550000,1_1_010_V1,81,True,True,0.801472,0.744872,1,required,required_intervention,True,False,demo_ma10_required_threshold,state_check_condition_pending
1_1_010_V1-256,demo-1_1_010_V1,21.333,21333,2560,2560000,1_1_010_V1,81,True,True,0.694679,0.74546,1,required,required_intervention,True,False,demo_ma10_required_threshold,state_check_condition_pending
1_1_010_V1-257,demo-1_1_010_V1,21.417,21417,2570,2570000,1_1_010_V1,81,True,True,0.658186,0.745023,1,required,required_intervention,True,False,demo_ma10_required_threshold,state_check_condition_pending
1_1_010_V1-258,demo-1_1_010_V1,21.5,21500,2580,2580000,1_1_010_V1,81,True,True,0.674418,0.743817,1,required,required_intervention,True,False,demo_ma10_required_threshold,state_check_condition_pending
1_1_010_V1-259,demo-1_1_010_V1,21.583,21583,2590,2590000,1_1_010_V1,82,True,True,0.69065,0.742611,1,required,required_intervention,True,False,demo_ma10_required_threshold,state_check_condition_pending
1_1_010_V1-260,demo-1_1_010_V1,21.667,21667,2600,2600000,1_1_010_V1,82,True,True,0.725556,0.743153,1,required,required_intervention,True,False,demo_ma10_required_threshold,state_check_condition_pending
1_1_010_V1-261,demo-1_1_010_V1,21.75,21750,2610,2610000,1_1_010_V1,82,True,True,0.792799,0.746719,1,required,required_intervention,True,False,demo_ma10_required_threshold,state_check_condition_pending
1_1_010_V1-262,demo-1_1_010_V1,21.833,21833,2620,2620000,1_1_010_V1,83,True,True,0.860043,0.750285,1,required,required_intervention,True,False,demo_ma10_required_threshold,state_check_condition_pending
1_1_010_V1-263,demo-1_1_010_V1,21.917,21917,2630,2630000,1_1_010_V1,83,True,True,0.911018,0.75431,1,required,required_intervention,True,False,demo_ma10_required_threshold,state_check_condition_pending
1_1_010_V1-264,demo-1_1_010_V1,22.0,22000,2640,2640000,1_1_010_V1,83,True,True,0.87704,0.760736,1,required,required_intervention,True,False,demo_ma10_required_threshold,state_check_condition_pending
1_1_010_V1-265,demo-1_1_010_V1,22.083,22083,2650,2650000,1_1_010_V1,84,True,True,0.843061,0.767161,1,required,required_intervention,True,False,demo_ma10_required_threshold,state_check_condition_pending
1_1_010_V1-266,demo-1_1_010_V1,22.167,22167,2660,2660000,1_1_010_V1,84,True,True,0.809083,0.773586,1,required,required_intervention,True,False,demo_ma10_required_threshold,state_check_condition_pending
1_1_010_V1-267,demo-1_1_010_V1,22.25,22250,2670,2670000,1_1_010_V1,84,True,True,0.803153,0.782835,1,required,required_intervention,True,False,demo_ma10_required_threshold,state_check_condition_pending
1_1_010_V1-268,demo-1_1_010_V1,22.333,22333,2680,2680000,1_1_010_V1,85,True,True,0.798534,0.792216,1,required,required_intervention,True,False,demo_ma10_required_threshold,state_check_condition_pending
1_1_010_V1-269,demo-1_1_010_V1,22.417,22417,2690,2690000,1_1_010_V1,85,True,True,0.793915,0.801597,1,required,required_intervention,True,False,demo_ma10_required_threshold,state_check_condition_pending
1_1_010_V1-270,demo-1_1_010_V1,22.5,22500,2700,2700000,1_1_010_V1,85,True,True,0.835764,0.81052,1,required,required_intervention,True,False,demo_ma10_required_threshold,state_check_condition_pending
1_1_010_V1-271,demo-1_1_010_V1,22.583,22583,2710,2710000,1_1_010_V1,86,True,True,0.893102,0.819292,1,required,required_intervention,True,False,demo_ma10_required_threshold,state_check_condition_pending
1_1_010_V1-272,demo-1_1_010_V1,22.667,22667,2720,2720000,1_1_010_V1,86,True,True,0.950441,0.828064,1,required,required_intervention,True,False,demo_ma10_required_threshold,state_check_condition_pending
1_1_010_V1-273,demo-1_1_010_V1,22.75,22750,2730,2730000,1_1_010_V1,86,True,True,0.929908,0.831541,1,required,required_intervention,True,False,demo_ma10_required_threshold,state_check_condition_pending
1_1_010_V1-274,demo-1_1_010_V1,22.833,22833,2740,2740000,1_1_010_V1,86,True,True,0.844271,0.830592,1,required,required_intervention,True,False,demo_ma10_required_threshold,state_check_condition_pending
1_1_010_V1-275,demo-1_1_010_V1,22.917,22917,2750,2750000,1_1_010_V1,87,True,True,0.758634,0.829643,1,required,required_intervention,True,False,demo_ma10_required_threshold,state_check_condition_pending
1_1_010_V1-276,demo-1_1_010_V1,23.0,23000,2760,2760000,1_1_010_V1,87,True,True,0.721241,0.828213,1,required,required_intervention,True,False,demo_ma10_required_threshold,state_check_condition_pending
1_1_010_V1-277,demo-1_1_010_V1,23.083,23083,2770,2770000,1_1_010_V1,87,True,True,0.777797,0.825846,1,required,required_intervention,True,False,demo_ma10_required_threshold,state_check_condition_pending
1_1_010_V1-278,demo-1_1_010_V1,23.167,23167,2780,2780000,1_1_010_V1,88,True,True,0.834354,0.823479,1,required,required_intervention,True,False,demo_ma10_required_threshold,state_check_condition_pending
1_1_010_V1-279,demo-1_1_010_V1,23.25,23250,2790,2790000,1_1_010_V1,88,True,True,0.86749,0.820216,1,required,required_intervention,True,False,demo_ma10_required_threshold,state_check_condition_pending
1_1_010_V1-280,demo-1_1_010_V1,23.333,23333,2800,2800000,1_1_010_V1,88,True,True,0.749173,0.811156,1,required,required_intervention,True,False,demo_ma10_required_threshold,state_check_condition_pending
1_1_010_V1-281,demo-1_1_010_V1,23.417,23417,2810,2810000,1_1_010_V1,89,True,True,0.630855,0.802097,1,required,required_intervention,True,False,demo_ma10_required_threshold,state_check_condition_pending
1_1_010_V1-282,demo-1_1_010_V1,23.5,23500,2820,2820000,1_1_010_V1,89,True,True,0.512538,0.793037,1,required,required_intervention,True,False,demo_ma10_required_threshold,state_check_condition_pending
1_1_010_V1-283,demo-1_1_010_V1,23.583,23583,2830,2830000,1_1_010_V1,89,True,True,0.609108,0.78878,1,required,required_intervention,True,False,demo_ma10_required_threshold,state_check_condition_pending
1_1_010_V1-284,demo-1_1_010_V1,23.667,23667,2840,2840000,1_1_010_V1,90,True,True,0.722207,0.784893,1,required,required_intervention,True,False,demo_ma10_required_threshold,state_check_condition_pending
1_1_010_V1-285,demo-1_1_010_V1,23.75,23750,2850,2850000,1_1_010_V1,90,True,True,0.835306,0.781005,1,required,required_intervention,True,False,demo_ma10_required_threshold,state_check_condition_pending
1_1_010_V1-286,demo-1_1_010_V1,23.833,23833,2860,2860000,1_1_010_V1,90,True,True,0.805788,0.778759,1,required,required_intervention,True,False,demo_ma10_required_threshold,state_check_condition_pending
1_1_010_V1-287,demo-1_1_010_V1,23.917,23917,2870,2870000,1_1_010_V1,91,True,True,0.721688,0.77714,1,required,required_intervention,True,False,demo_ma10_required_threshold,state_check_condition_pending
1_1_010_V1-288,demo-1_1_010_V1,24.0,24000,2880,2880000,1_1_010_V1,91,True,True,0.637588,0.775522,1,required,required_intervention,True,False,demo_ma10_required_threshold,state_check_condition_pending
1_1_010_V1-289,demo-1_1_010_V1,24.083,24083,2890,2890000,1_1_010_V1,91,True,True,0.61226,0.774585,1,required,required_intervention,True,False,demo_ma10_required_threshold,state_check_condition_pending
1_1_010_V1-290,demo-1_1_010_V1,24.167,24167,2900,2900000,1_1_010_V1,91,True,True,0.641652,0.774283,1,required,required_intervention,True,False,demo_ma10_required_threshold,state_check_condition_pending
1_1_010_V1-291,demo-1_1_010_V1,24.25,24250,2910,2910000,1_1_010_V1,92,True,True,0.671043,0.773981,1,required,required_intervention,True,False,demo_ma10_required_threshold,state_check_condition_pending
1_1_010_V1-292,demo-1_1_010_V1,24.333,24333,2920,2920000,1_1_010_V1,92,True,True,0.703642,0.772816,1,required,required_intervention,True,False,demo_ma10_required_threshold,state_check_condition_pending
1_1_010_V1-293,demo-1_1_010_V1,24.417,24417,2930,2930000,1_1_010_V1,92,True,True,0.743299,0.769755,1,required,required_intervention,True,False,demo_ma10_required_threshold,state_check_condition_pending
1_1_010_V1-294,demo-1_1_010_V1,24.5,24500,2940,2940000,1_1_010_V1,93,True,True,0.782957,0.766694,1,required,required_intervention,True,False,demo_ma10_required_threshold,state_check_condition_pending
1_1_010_V1-295,demo-1_1_010_V1,24.583,24583,2950,2950000,1_1_010_V1,93,True,True,0.820162,0.764177,1,required,required_intervention,True,False,demo_ma10_required_threshold,state_check_condition_pending
1_1_010_V1-296,demo-1_1_010_V1,24.667,24667,2960,2960000,1_1_010_V1,93,True,True,0.836934,0.766191,1,required,required_intervention,True,False,demo_ma10_required_threshold,state_check_condition_pending
1_1_010_V1-297,demo-1_1_010_V1,24.75,24750,2970,2970000,1_1_010_V1,94,True,True,0.853706,0.768206,1,required,required_intervention,True,False,demo_ma10_required_threshold,state_check_condition_pending
1_1_010_V1-298,demo-1_1_010_V1,24.833,24833,2980,2980000,1_1_010_V1,94,True,True,0.870479,0.77022,1,required,required_intervention,True,False,demo_ma10_required_threshold,state_check_condition_pending
1_1_010_V1-299,demo-1_1_010_V1,24.917,24917,2990,2990000,1_1_010_V1,94,True,True,0.866737,0.772111,1,required,required_intervention,True,False,demo_ma10_required_threshold,state_check_condition_pending
1_1_010_V1-300,demo-1_1_010_V1,25.0,25000,3000,3000000,1_1_010_V1,95,True,True,0.860761,0.77399,1,required,required_intervention,True,False,demo_ma10_required_threshold,state_check_condition_pending
1_1_010_V1-301,demo-1_1_010_V1,25.083,25083,3010,3010000,1_1_010_V1,95,True,True,0.854785,0.775868,1,required,required_intervention,True,False,demo_ma10_required_threshold,state_check_condition_pending
1_1_010_V1-302,demo-1_1_010_V1,25.167,25167,3020,3020000,1_1_010_V1,95,True,True,0.828869,0.771343,1,required,required_intervention,True,False,demo_ma10_required_threshold,state_check_condition_pending
1_1_010_V1-303,demo-1_1_010_V1,25.25,25250,3030,3030000,1_1_010_V1,96,True,True,0.79426,0.764027,1,required,required_intervention,True,False,demo_ma10_required_threshold,state_check_condition_pending
1_1_010_V1-304,demo-1_1_010_V1,25.333,25333,3040,3040000,1_1_010_V1,96,True,True,0.759652,0.756711,1,required,required_intervention,True,False,demo_ma10_required_threshold,state_check_condition_pending
1_1_010_V1-305,demo-1_1_010_V1,25.417,25417,3050,3050000,1_1_010_V1,96,True,True,0.764147,0.755811,1,required,required_intervention,True,False,demo_ma10_required_threshold,state_check_condition_pending
1_1_010_V1-306,demo-1_1_010_V1,25.5,25500,3060,3060000,1_1_010_V1,96,True,True,0.809168,0.761561,1,required,required_intervention,True,False,demo_ma10_required_threshold,state_check_condition_pending
1_1_010_V1-307,demo-1_1_010_V1,25.583,25583,3070,3070000,1_1_010_V1,97,True,True,0.854188,0.76731,1,required,required_intervention,True,False,demo_ma10_required_threshold,state_check_condition_pending
1_1_010_V1-308,demo-1_1_010_V1,25.667,25667,3080,3080000,1_1_010_V1,97,True,True,0.871561,0.769965,1,required,required_intervention,True,False,demo_ma10_required_threshold,state_check_condition_pending
1_1_010_V1-309,demo-1_1_010_V1,25.75,25750,3090,3090000,1_1_010_V1,97,True,True,0.819814,0.764884,1,required,required_intervention,True,False,demo_ma10_required_threshold,state_check_condition_pending
1_1_010_V1-310,demo-1_1_010_V1,25.833,25833,3100,3100000,1_1_010_V1,98,True,True,0.768067,0.759804,1,required,required_intervention,True,False,demo_ma10_required_threshold,state_check_condition_pending
1_1_010_V1-311,demo-1_1_010_V1,25.917,25917,3110,3110000,1_1_010_V1,98,True,True,0.713306,0.754956,1,required,required_intervention,True,False,demo_ma10_required_threshold,state_check_condition_pending
1_1_010_V1-312,demo-1_1_010_V1,26.0,26000,3120,3120000,1_1_010_V1,98,True,True,0.62405,0.752782,1,required,required_intervention,True,False,demo_ma10_required_threshold,state_check_condition_pending
1_1_010_V1-313,demo-1_1_010_V1,26.083,26083,3130,3130000,1_1_010_V1,99,True,True,0.534795,0.750607,1,required,required_intervention,True,False,demo_ma10_required_threshold,state_check_condition_pending
1_1_010_V1-314,demo-1_1_010_V1,26.167,26167,3140,3140000,1_1_010_V1,99,True,True,0.44554,0.748433,1,required,required_intervention,True,False,demo_ma10_required_threshold,state_check_condition_pending
1_1_010_V1-315,demo-1_1_010_V1,26.25,26250,3150,3150000,1_1_010_V1,99,True,True,0.458959,0.738819,1,required,required_intervention,True,False,demo_ma10_required_threshold,state_check_condition_pending
1_1_010_V1-316,demo-1_1_010_V1,26.333,26333,3160,3160000,1_1_010_V1,100,True,True,0.487046,0.728144,1,required,required_intervention,True,False,demo_ma10_required_threshold,state_check_condition_pending
1_1_010_V1-317,demo-1_1_010_V1,26.417,26417,3170,3170000,1_1_010_V1,100,True,True,0.515133,0.717468,1,recommend,recommend_intervention,False,False,demo_ma10_recommend_threshold,repeated_change_accumulating
1_1_010_V1-318,demo-1_1_010_V1,26.5,26500,3180,3180000,1_1_010_V1,100,True,True,0.563928,0.716375,1,recommend,recommend_intervention,False,False,demo_ma10_recommend_threshold,repeated_change_accumulating
1_1_010_V1-319,demo-1_1_010_V1,26.583,26583,3190,3190000,1_1_010_V1,101,True,True,0.622938,0.72001,1,required,required_intervention,True,False,demo_ma10_required_threshold,state_check_condition_pending
1_1_010_V1-320,demo-1_1_010_V1,26.667,26667,3200,3200000,1_1_010_V1,101,True,True,0.681948,0.723646,1,required,required_intervention,True,False,demo_ma10_required_threshold,state_check_condition_pending
1_1_010_V1-321,demo-1_1_010_V1,26.75,26750,3210,3210000,1_1_010_V1,101,True,True,0.72679,0.727239,1,required,required_intervention,True,False,demo_ma10_required_threshold,state_check_condition_pending
1_1_010_V1-322,demo-1_1_010_V1,26.833,26833,3220,3220000,1_1_010_V1,101,True,True,0.755283,0.730784,1,required,required_intervention,True,False,demo_ma10_required_threshold,state_check_condition_pending
1_1_010_V1-323,demo-1_1_010_V1,26.917,26917,3230,3230000,1_1_010_V1,102,True,True,0.783776,0.73433,1,required,required_intervention,True,False,demo_ma10_required_threshold,state_check_condition_pending
1_1_010_V1-324,demo-1_1_010_V1,27.0,27000,3240,3240000,1_1_010_V1,102,True,True,0.766483,0.733008,1,required,required_intervention,True,False,demo_ma10_required_threshold,state_check_condition_pending
1_1_010_V1-325,demo-1_1_010_V1,27.083,27083,3250,3250000,1_1_010_V1,102,True,True,0.618146,0.717754,1,recommend,recommend_intervention,False,False,demo_ma10_recommend_threshold,repeated_change_accumulating
1_1_010_V1-326,demo-1_1_010_V1,27.167,27167,3260,3260000,1_1_010_V1,103,True,True,0.469809,0.702499,1,recommend,recommend_intervention,False,False,demo_ma10_recommend_threshold,repeated_change_accumulating
1_1_010_V1-327,demo-1_1_010_V1,27.25,27250,3270,3270000,1_1_010_V1,103,True,True,0.329019,0.687116,1,recommend,recommend_intervention,False,False,demo_ma10_recommend_threshold,repeated_change_accumulating
1_1_010_V1-328,demo-1_1_010_V1,27.333,27333,3280,3280000,1_1_010_V1,103,True,True,0.32157,0.66944,1,recommend,recommend_intervention,False,False,demo_ma10_recommend_threshold,repeated_change_accumulating
1_1_010_V1-329,demo-1_1_010_V1,27.417,27417,3290,3290000,1_1_010_V1,104,True,True,0.314121,0.651763,1,recommend,recommend_intervention,False,False,demo_ma10_recommend_threshold,repeated_change_accumulating
1_1_010_V1-330,demo-1_1_010_V1,27.5,27500,3300,3300000,1_1_010_V1,104,True,True,0.306673,0.634087,1,recommend,recommend_intervention,False,False,demo_ma10_recommend_threshold,repeated_change_accumulating
1_1_010_V1-331,demo-1_1_010_V1,27.583,27583,3310,3310000,1_1_010_V1,104,True,True,0.471735,0.633537,1,recommend,recommend_intervention,False,False,demo_ma10_recommend_threshold,repeated_change_accumulating
1_1_010_V1-332,demo-1_1_010_V1,27.667,27667,3320,3320000,1_1_010_V1,105,True,True,0.667667,0.636052,1,recommend,recommend_intervention,False,False,demo_ma10_recommend_threshold,repeated_change_accumulating
1_1_010_V1-333,demo-1_1_010_V1,27.75,27750,3330,3330000,1_1_010_V1,105,True,True,0.8636,0.638567,1,recommend,recommend_intervention,False,False,demo_ma10_recommend_threshold,repeated_change_accumulating
1_1_010_V1-334,demo-1_1_010_V1,27.833,27833,3340,3340000,1_1_010_V1,105,True,True,0.91995,0.641944,1,recommend,recommend_intervention,False,False,demo_ma10_recommend_threshold,repeated_change_accumulating
1_1_010_V1-335,demo-1_1_010_V1,27.917,27917,3350,3350000,1_1_010_V1,106,True,True,0.898754,0.645799,1,recommend,recommend_intervention,False,False,demo_ma10_recommend_threshold,repeated_change_accumulating
1_1_010_V1-336,demo-1_1_010_V1,28.0,28000,3360,3360000,1_1_010_V1,106,True,True,0.877558,0.649655,1,recommend,recommend_intervention,False,False,demo_ma10_recommend_threshold,repeated_change_accumulating
1_1_010_V1-337,demo-1_1_010_V1,28.083,28083,3370,3370000,1_1_010_V1,106,True,True,0.815284,0.646507,1,recommend,recommend_intervention,False,False,demo_ma10_recommend_threshold,repeated_change_accumulating
1_1_010_V1-338,demo-1_1_010_V1,28.167,28167,3380,3380000,1_1_010_V1,106,True,True,0.700197,0.634352,1,recommend,recommend_intervention,False,False,demo_ma10_recommend_threshold,repeated_change_accumulating
1_1_010_V1-339,demo-1_1_010_V1,28.25,28250,3390,3390000,1_1_010_V1,107,True,True,0.58511,0.622197,1,recommend,recommend_intervention,False,False,demo_ma10_recommend_threshold,repeated_change_accumulating
1_1_010_V1-340,demo-1_1_010_V1,28.333,28333,3400,3400000,1_1_010_V1,107,True,True,0.500706,0.61164,1,recommend,recommend_intervention,False,False,demo_ma10_recommend_threshold,repeated_change_accumulating
1_1_010_V1-341,demo-1_1_010_V1,28.417,28417,3410,3410000,1_1_010_V1,107,True,True,0.517793,0.606368,1,recommend,recommend_intervention,False,False,demo_ma10_recommend_threshold,repeated_change_accumulating
1_1_010_V1-342,demo-1_1_010_V1,28.5,28500,3420,3420000,1_1_010_V1,108,True,True,0.534881,0.601097,1,recommend,recommend_intervention,False,False,demo_ma10_recommend_threshold,repeated_change_accumulating
1_1_010_V1-343,demo-1_1_010_V1,28.583,28583,3430,3430000,1_1_010_V1,108,True,True,0.553019,0.596216,1,recommend,recommend_intervention,False,False,demo_ma10_recommend_threshold,repeated_change_accumulating
1_1_010_V1-344,demo-1_1_010_V1,28.667,28667,3440,3440000,1_1_010_V1,108,True,True,0.609332,0.605501,1,recommend,recommend_intervention,False,False,demo_ma10_recommend_threshold,repeated_change_accumulating
1_1_010_V1-345,demo-1_1_010_V1,28.75,28750,3450,3450000,1_1_010_V1,109,True,True,0.665645,0.614786,1,recommend,recommend_intervention,False,False,demo_ma10_recommend_threshold,repeated_change_accumulating
1_1_010_V1-346,demo-1_1_010_V1,28.833,28833,3460,3460000,1_1_010_V1,109,True,True,0.721957,0.624072,1,recommend,recommend_intervention,False,False,demo_ma10_recommend_threshold,repeated_change_accumulating
1_1_010_V1-347,demo-1_1_010_V1,28.917,28917,3470,3470000,1_1_010_V1,109,True,True,0.697991,0.627648,1,recommend,recommend_intervention,False,False,demo_ma10_recommend_threshold,repeated_change_accumulating
1_1_010_V1-348,demo-1_1_010_V1,29.0,29000,3480,3480000,1_1_010_V1,110,True,True,0.656573,0.629983,1,recommend,recommend_intervention,False,False,demo_ma10_recommend_threshold,repeated_change_accumulating
1_1_010_V1-349,demo-1_1_010_V1,29.083,29083,3490,3490000,1_1_010_V1,110,True,True,0.615155,0.632318,1,recommend,recommend_intervention,False,False,demo_ma10_recommend_threshold,repeated_change_accumulating
1_1_010_V1-350,demo-1_1_010_V1,29.167,29167,3500,3500000,1_1_010_V1,110,True,True,0.639849,0.635077,1,recommend,recommend_intervention,False,False,demo_ma10_recommend_threshold,repeated_change_accumulating
1_1_010_V1-351,demo-1_1_010_V1,29.25,29250,3510,3510000,1_1_010_V1,111,True,True,0.705742,0.6381,1,recommend,recommend_intervention,False,False,demo_ma10_recommend_threshold,repeated_change_accumulating
1_1_010_V1-352,demo-1_1_010_V1,29.333,29333,3520,3520000,1_1_010_V1,111,True,True,0.771635,0.641123,1,recommend,recommend_intervention,False,False,demo_ma10_recommend_threshold,repeated_change_accumulating
1_1_010_V1-353,demo-1_1_010_V1,29.417,29417,3530,3530000,1_1_010_V1,111,True,True,0.795938,0.641523,1,recommend,recommend_intervention,False,False,demo_ma10_recommend_threshold,repeated_change_accumulating
1_1_010_V1-354,demo-1_1_010_V1,29.5,29500,3540,3540000,1_1_010_V1,111,True,True,0.76057,0.63816,1,recommend,recommend_intervention,False,False,demo_ma10_recommend_threshold,repeated_change_accumulating
1_1_010_V1-355,demo-1_1_010_V1,29.583,29583,3550,3550000,1_1_010_V1,112,True,True,0.725201,0.634797,1,recommend,recommend_intervention,False,False,demo_ma10_recommend_threshold,repeated_change_accumulating
1_1_010_V1-356,demo-1_1_010_V1,29.667,29667,3560,3560000,1_1_010_V1,112,True,True,0.681127,0.632884,1,recommend,recommend_intervention,False,False,demo_ma10_recommend_threshold,repeated_change_accumulating
1_1_010_V1-357,demo-1_1_010_V1,29.75,29750,3570,3570000,1_1_010_V1,112,True,True,0.603367,0.636578,1,recommend,recommend_intervention,False,False,demo_ma10_recommend_threshold,repeated_change_accumulating
1_1_010_V1-358,demo-1_1_010_V1,29.833,29833,3580,3580000,1_1_010_V1,113,True,True,0.525608,0.640273,1,recommend,recommend_intervention,False,False,demo_ma10_recommend_threshold,repeated_change_accumulating
1_1_010_V1-359,demo-1_1_010_V1,29.917,29917,3590,3590000,1_1_010_V1,113,True,True,0.447849,0.643968,1,recommend,recommend_intervention,False,False,demo_ma10_recommend_threshold,repeated_change_accumulating
